{
    "chart": "P",
    "P": 0.031,
    "P_bar": 0.031,
    "total_defeitos": 31,
    "N": 100,
    "desvio_padrao_p": 0.017331762749357032,
    "lsc_P": 0.08299528824807109,
    "lic_P": 0.0,
    "proporcoes": [
        0.03,
        0.02,
        0.04,
        0.05,
        0.01,
        0.02,
        0.03,
        0.04,
        0.03,
        0.04
    ]
}