{
    "chart": "IMR",
    "media_ind": 99.09500000000001,
    "sigma_ind": 1.9259997403945825,
    "am_bar": 2.589473684210526,
    "lsc_ind": 104.87299922118376,
    "lic_ind": 93.31700077881626,
    "lsc_mr": 8.459810526315788,
    "lic_mr": 0.0,
    "valores_individuais": [
        102.0,
        94.8,
        98.3,
        98.4,
        102.0,
        98.5,
        99.0,
        97.7,
        100.0,
        98.1,
        101.3,
        98.7,
        101.1,
        98.4,
        97.0,
        96.7,
        100.3,
        101.4,
        97.2,
        101.0
    ],
    "mr_values": [
        7.200000000000003,
        3.5,
        0.10000000000000853,
        3.5999999999999943,
        3.5,
        0.5,
        1.2999999999999972,
        2.299999999999997,
        1.9000000000000057,
        3.200000000000003,
        2.5999999999999943,
        2.3999999999999915,
        2.6999999999999886,
        1.4000000000000057,
        0.29999999999999716,
        3.5999999999999943,
        1.1000000000000085,
        4.200000000000003,
        3.799999999999997
    ]
}