{
    "chart": "U",
    "U": 4.7,
    "U_bar": 4.7,
    "total_defeitos": 47,
    "n": 1,
    "desvio_padrao_u": 2.16794833886788,
    "lsc_u": 11.20384501660364,
    "lic_u": 0.0,
    "u_valores": [
        6.0,
        5.0,
        3.0,
        7.0,
        5.0,
        2.0,
        2.0,
        8.0,
        6.0,
        3.0
    ]
}