{
    "chart": "P",
    "P": 0.021,
    "P_bar": 0.020999999999999998,
    "total_defeitos": 21,
    "N": 100,
    "desvio_padrao_p": 0.014338409953687332,
    "lsc_P": 0.06401522986106199,
    "lic_P": 0.0,
    "proporcoes": [
        0.02,
        0.01,
        0.03,
        0.04,
        0.0,
        0.01,
        0.02,
        0.03,
        0.02,
        0.03
    ]
}