{
    "chart": "IMR",
    "media_ind": 99.225,
    "sigma_ind": 1.938781834039098,
    "am_bar": 2.7000000000000015,
    "lsc_ind": 105.0413455021173,
    "lic_ind": 93.4086544978827,
    "lsc_mr": 8.820900000000005,
    "lic_mr": 0.0,
    "valores_individuais": [
        101.2,
        95.6,
        99.1,
        97.9,
        101.7,
        99.3,
        100.1,
        98.2,
        99.8,
        97.6,
        102.4,
        99.5,
        100.9,
        97.8,
        96.3,
        97.1,
        100.7,
        102.0,
        96.8,
        100.5
    ],
    "mr_values": [
        5.6000000000000085,
        3.5,
        1.1999999999999886,
        3.799999999999997,
        2.4000000000000057,
        0.7999999999999972,
        1.8999999999999915,
        1.5999999999999943,
        2.200000000000003,
        4.800000000000011,
        2.9000000000000057,
        1.4000000000000057,
        3.1000000000000085,
        1.5,
        0.7999999999999972,
        3.6000000000000085,
        1.2999999999999972,
        5.200000000000003,
        3.700000000000003
    ]
}