{
    "chart": "U",
    "U": 4.3,
    "U_bar": 4.3,
    "total_defeitos": 43,
    "n": 1,
    "desvio_padrao_u": 2.073644135332772,
    "lsc_u": 10.520932405998316,
    "lic_u": 0.0,
    "u_valores": [
        5.0,
        6.0,
        4.0,
        6.0,
        6.0,
        1.0,
        1.0,
        7.0,
        5.0,
        2.0
    ]
}